Date,CountryName,School closing,Workplace closing,Cancel public events,Stay at home requirements,International travel controls
2020-01-01,Australia,0,0,0,0,0
2020-01-02,Australia,0,0,0,0,0
2020-01-03,Australia,0,0,0,0,0
2020-01-04,Australia,0,0,0,0,0
2020-01-05,Australia,0,0,0,0,0
2020-01-06,Australia,0,0,0,0,0
2020-01-07,Australia,0,0,0,0,0
2020-01-08,Australia,0,0,0,0,0
2020-01-09,Australia,0,0,0,0,0
2020-01-10,Australia,0,0,0,0,0
2020-01-11,Australia,0,0,0,0,0
2020-01-12,Australia,0,0,0,0,0
2020-01-13,Australia,0,0,0,0,0
2020-01-14,Australia,0,0,0,0,0
2020-01-15,Australia,0,0,0,0,0
2020-01-16,Australia,0,0,0,0,0
2020-01-17,Australia,0,0,0,0,0
2020-01-18,Australia,0,0,0,0,0
2020-01-19,Australia,0,0,0,0,0
2020-01-20,Australia,0,0,0,0,0
2020-01-21,Australia,0,0,0,0,0
2020-01-22,Australia,0,0,0,0,0
2020-01-23,Australia,0,0,0,0,0
2020-01-24,Australia,0,0,0,0,0
2020-01-25,Australia,0,0,0,0,0
2020-01-26,Australia,0,0,0,0,0
2020-01-27,Australia,0,0,0,0,0
2020-01-28,Australia,0,0,0,0,0
2020-01-29,Australia,0,0,0,0,0
2020-01-30,Australia,0,0,0,0,0
2020-01-31,Australia,0,0,0,0,0
2020-02-01,Australia,0,0,0,0,3
2020-02-02,Australia,0,0,0,0,3
2020-02-03,Australia,0,0,0,0,3
2020-02-04,Australia,0,0,0,0,3
2020-02-05,Australia,0,0,0,0,3
2020-02-06,Australia,0,0,0,0,3
2020-02-07,Australia,0,0,0,0,3
2020-02-08,Australia,0,0,0,0,3
2020-02-09,Australia,0,0,0,0,3
2020-02-10,Australia,0,0,0,0,3
2020-02-11,Australia,0,0,0,0,3
2020-02-12,Australia,0,0,0,0,3
2020-02-13,Australia,0,0,0,0,3
2020-02-14,Australia,0,0,0,0,3
2020-02-15,Australia,0,0,0,0,3
2020-02-16,Australia,0,0,0,0,3
2020-02-17,Australia,0,0,0,0,3
2020-02-18,Australia,0,0,0,0,3
2020-02-19,Australia,0,0,0,0,3
2020-02-20,Australia,0,0,0,0,3
2020-02-21,Australia,0,0,0,0,3
2020-02-22,Australia,0,0,0,0,3
2020-02-23,Australia,0,0,0,0,3
2020-02-24,Australia,0,0,0,0,3
2020-02-25,Australia,0,0,0,0,3
2020-02-26,Australia,0,0,0,0,3
2020-02-27,Australia,0,0,0,0,3
2020-02-28,Australia,0,0,0,0,3
2020-02-29,Australia,0,0,0,0,3
2020-03-01,Australia,0,0,0,0,3
2020-03-02,Australia,0,0,0,0,3
2020-03-03,Australia,0,0,0,0,3
2020-03-04,Australia,0,0,0,0,3
2020-03-05,Australia,0,0,0,0,3
2020-03-06,Australia,0,0,0,0,3
2020-03-07,Australia,0,0,0,0,3
2020-03-08,Australia,0,0,0,0,3
2020-03-09,Australia,0,0,0,0,3
2020-03-10,Australia,0,0,0,0,3
2020-03-11,Australia,0,0,0,0,3
2020-03-12,Australia,0,0,0,0,3
2020-03-13,Australia,0,0,0,0,3
2020-03-14,Australia,0,0,0,0,3
2020-03-15,Australia,0,0,0,0,3
2020-03-16,Australia,0,0,1,0,3
2020-03-17,Australia,0,0,1,0,3
2020-03-18,Australia,0,0,2,0,3
2020-03-19,Australia,0,0,2,0,3
2020-03-20,Australia,0,0,2,0,4
2020-03-21,Australia,0,0,2,0,4
2020-03-22,Australia,0,0,2,0,4
2020-03-23,Australia,0,2,2,0,4
2020-03-24,Australia,3,2,2,1,4
2020-03-25,Australia,3,2,2,1,4
2020-03-26,Australia,3,2,2,1,4
2020-03-27,Australia,3,2,2,1,4
2020-03-28,Australia,3,2,2,1,4
2020-03-29,Australia,3,2,2,1,4
2020-03-30,Australia,3,2,2,1,4
2020-03-31,Australia,3,2,2,1,4
2020-04-01,Australia,3,2,2,1,4
2020-04-02,Australia,3,2,2,2,4
2020-04-03,Australia,3,2,2,2,4
2020-04-04,Australia,3,2,2,2,4
2020-04-05,Australia,3,2,2,2,4
2020-04-06,Australia,3,2,2,2,4
2020-04-07,Australia,3,2,2,2,4
2020-04-08,Australia,3,2,2,2,4
2020-04-09,Australia,3,2,2,2,4
2020-04-10,Australia,3,2,2,2,4
2020-04-11,Australia,3,2,2,2,4
2020-04-12,Australia,3,2,2,2,4
2020-04-13,Australia,3,2,2,2,4
2020-04-14,Australia,3,2,2,2,4
2020-04-15,Australia,3,2,2,2,4
2020-04-16,Australia,3,2,2,2,4
2020-04-17,Australia,3,2,2,2,4
2020-04-18,Australia,2,2,2,2,4
2020-04-19,Australia,2,2,2,2,4
2020-04-20,Australia,2,2,2,2,4
2020-04-21,Australia,2,2,2,2,4
2020-04-22,Australia,2,2,2,2,4
2020-04-23,Australia,2,2,2,2,4
2020-04-24,Australia,2,2,2,2,4
2020-04-25,Australia,2,2,2,2,4
2020-04-26,Australia,2,2,2,2,4
2020-04-27,Australia,2,2,2,2,4
2020-04-28,Australia,2,2,2,2,4
2020-04-29,Australia,2,2,2,2,4
2020-04-30,Australia,2,2,2,2,4
2020-05-01,Australia,2,2,2,2,4
2020-05-02,Australia,2,2,2,2,4
2020-05-03,Australia,2,2,2,2,4
2020-05-04,Australia,2,2,2,2,4
2020-05-05,Australia,2,2,2,2,4
2020-05-06,Australia,2,2,2,2,4
2020-05-07,Australia,2,2,2,2,4
2020-05-08,Australia,2,2,2,2,4
2020-05-09,Australia,2,2,2,2,4
2020-05-10,Australia,2,2,2,2,4
2020-05-11,Australia,2,2,2,2,4
2020-05-12,Australia,2,2,2,2,4
2020-05-13,Australia,2,2,2,2,4
2020-05-14,Australia,2,2,2,2,4
2020-05-15,Australia,2,1,2,1,4
2020-05-16,Australia,2,1,2,1,4
2020-05-17,Australia,2,1,2,1,4
2020-05-18,Australia,2,1,2,1,4
2020-05-19,Australia,2,1,2,1,4
2020-05-20,Australia,2,1,2,1,4
2020-05-21,Australia,2,1,2,1,4
2020-05-22,Australia,2,1,2,1,4
2020-05-23,Australia,2,1,2,1,4
2020-05-24,Australia,2,1,2,1,4
2020-05-25,Australia,2,1,2,1,4
2020-05-26,Australia,2,1,2,1,4
2020-05-27,Australia,2,1,2,1,4
2020-05-28,Australia,2,1,2,1,4
2020-05-29,Australia,2,1,2,0,4
2020-05-30,Australia,2,1,2,0,4
2020-05-31,Australia,2,1,2,0,4
2020-06-01,Australia,2,1,2,0,4
2020-06-02,Australia,2,1,2,0,4
2020-06-03,Australia,2,1,2,0,4
2020-06-04,Australia,2,1,2,0,4
2020-06-05,Australia,2,1,2,0,4
2020-06-06,Australia,2,1,2,0,4
2020-06-07,Australia,2,1,2,0,4
2020-06-08,Australia,2,1,2,0,4
2020-06-09,Australia,0,1,2,0,4
2020-06-10,Australia,0,1,2,0,4
2020-06-11,Australia,0,1,2,0,4
2020-06-12,Australia,0,1,1,0,4
2020-06-13,Australia,0,1,1,0,4
2020-06-14,Australia,0,1,1,0,4
2020-06-15,Australia,0,1,1,0,4
2020-06-16,Australia,0,1,1,0,4
2020-06-17,Australia,0,1,1,0,4
2020-06-18,Australia,0,1,1,0,4
2020-06-19,Australia,0,1,1,0,4
2020-06-20,Australia,0,1,1,0,4
2020-06-21,Australia,0,1,1,0,4
2020-06-22,Australia,0,1,1,0,4
2020-06-23,Australia,2,1,1,0,4
2020-06-24,Australia,2,1,1,0,4
2020-06-25,Australia,2,1,1,0,4
2020-06-26,Australia,2,1,1,0,4
2020-06-27,Australia,2,1,1,0,4
2020-06-28,Australia,2,1,1,0,4
2020-06-29,Australia,2,1,1,0,4
2020-06-30,Australia,2,1,1,0,4
2020-07-01,Australia,3,2,2,2,4
2020-07-02,Australia,3,2,2,2,4
2020-07-03,Australia,3,2,2,2,4
2020-07-04,Australia,3,2,2,2,4
2020-07-05,Australia,3,2,2,2,4
2020-07-06,Australia,3,2,2,2,4
2020-07-07,Australia,3,2,2,2,4
2020-07-08,Australia,3,2,2,3,4
2020-07-09,Australia,3,2,2,3,4
2020-07-10,Australia,3,2,2,3,4
2020-07-11,Australia,3,2,2,3,4
2020-07-12,Australia,3,2,2,3,4
2020-07-13,Australia,2,2,2,3,4
2020-07-14,Australia,2,2,2,3,4
2020-07-15,Australia,2,2,2,3,4
2020-07-16,Australia,2,2,2,2,4
2020-07-17,Australia,2,2,2,2,4
2020-07-18,Australia,2,2,2,2,4
2020-07-19,Australia,2,2,2,2,4
2020-07-20,Australia,2,2,2,2,4
2020-07-21,Australia,2,2,2,2,4
2020-07-22,Australia,2,2,2,2,4
2020-07-23,Australia,2,2,2,2,4
2020-07-24,Australia,2,2,2,2,4
2020-07-25,Australia,2,2,2,2,4
2020-07-26,Australia,2,2,2,2,4
2020-07-27,Australia,2,2,2,2,4
2020-07-28,Australia,2,2,2,2,4
2020-07-29,Australia,2,2,2,2,4
2020-07-30,Australia,2,2,2,2,4
2020-07-31,Australia,2,2,2,2,4
2020-08-01,Australia,2,2,2,2,4
2020-08-02,Australia,2,3,2,3,4
2020-08-03,Australia,3,3,2,3,4
2020-08-04,Australia,3,3,2,3,4
2020-08-05,Australia,3,3,2,3,4
2020-08-06,Australia,3,3,2,3,4
2020-08-07,Australia,3,3,2,3,4
2020-08-08,Australia,3,3,2,3,4
2020-08-09,Australia,3,3,2,3,4
2020-08-10,Australia,3,3,2,3,4
2020-08-11,Australia,3,3,2,3,4
2020-08-12,Australia,3,3,2,3,4
2020-08-13,Australia,3,3,2,3,4
2020-08-14,Australia,3,3,2,3,4
2020-08-15,Australia,3,3,2,3,4
2020-08-16,Australia,3,3,2,3,4
2020-08-17,Australia,3,3,2,3,4
2020-08-18,Australia,3,3,2,3,4
2020-08-19,Australia,3,3,2,3,4
2020-08-20,Australia,3,3,2,3,4
2020-08-21,Australia,3,3,2,3,4
2020-08-22,Australia,3,3,2,3,4
2020-08-23,Australia,3,3,2,3,4
2020-08-24,Australia,3,3,2,3,4
2020-08-25,Australia,3,3,2,3,4
2020-08-26,Australia,3,3,2,3,4
2020-08-27,Australia,3,3,2,3,4
2020-08-28,Australia,3,3,2,2,4
2020-08-29,Australia,3,3,2,2,4
2020-08-30,Australia,3,3,2,2,4
2020-08-31,Australia,3,3,2,2,4
2020-01-01,Brazil,0,0,0,0,0
2020-01-02,Brazil,0,0,0,0,0
2020-01-03,Brazil,0,0,0,0,0
2020-01-04,Brazil,0,0,0,0,0
2020-01-05,Brazil,0,0,0,0,0
2020-01-06,Brazil,0,0,0,0,0
2020-01-07,Brazil,0,0,0,0,0
2020-01-08,Brazil,0,0,0,0,0
2020-01-09,Brazil,0,0,0,0,0
2020-01-10,Brazil,0,0,0,0,0
2020-01-11,Brazil,0,0,0,0,0
2020-01-12,Brazil,0,0,0,0,0
2020-01-13,Brazil,0,0,0,0,0
2020-01-14,Brazil,0,0,0,0,0
2020-01-15,Brazil,0,0,0,0,0
2020-01-16,Brazil,0,0,0,0,0
2020-01-17,Brazil,0,0,0,0,0
2020-01-18,Brazil,0,0,0,0,0
2020-01-19,Brazil,0,0,0,0,0
2020-01-20,Brazil,0,0,0,0,0
2020-01-21,Brazil,0,0,0,0,0
2020-01-22,Brazil,0,0,0,0,0
2020-01-23,Brazil,0,0,0,0,0
2020-01-24,Brazil,0,0,0,0,0
2020-01-25,Brazil,0,0,0,0,0
2020-01-26,Brazil,0,0,0,0,0
2020-01-27,Brazil,0,0,0,0,0
2020-01-28,Brazil,0,0,0,0,0
2020-01-29,Brazil,0,0,0,0,0
2020-01-30,Brazil,0,0,0,0,0
2020-01-31,Brazil,0,0,0,0,0
2020-02-01,Brazil,0,0,0,0,0
2020-02-02,Brazil,0,0,0,0,0
2020-02-03,Brazil,0,0,0,0,0
2020-02-04,Brazil,0,0,0,0,0
2020-02-05,Brazil,0,0,0,0,0
2020-02-06,Brazil,0,0,0,0,0
2020-02-07,Brazil,0,0,0,0,0
2020-02-08,Brazil,0,0,0,0,0
2020-02-09,Brazil,0,0,0,0,0
2020-02-10,Brazil,0,0,0,0,0
2020-02-11,Brazil,0,0,0,0,0
2020-02-12,Brazil,0,0,0,0,0
2020-02-13,Brazil,0,0,0,0,0
2020-02-14,Brazil,0,0,0,0,0
2020-02-15,Brazil,0,0,0,0,0
2020-02-16,Brazil,0,0,0,0,0
2020-02-17,Brazil,0,0,0,0,0
2020-02-18,Brazil,0,0,0,0,0
2020-02-19,Brazil,0,0,0,0,0
2020-02-20,Brazil,0,0,0,0,0
2020-02-21,Brazil,0,0,0,0,0
2020-02-22,Brazil,0,0,0,0,0
2020-02-23,Brazil,0,0,0,0,0
2020-02-24,Brazil,0,0,0,0,0
2020-02-25,Brazil,0,0,0,0,0
2020-02-26,Brazil,0,0,0,0,0
2020-02-27,Brazil,0,0,0,0,0
2020-02-28,Brazil,0,0,0,0,0
2020-02-29,Brazil,0,0,0,0,0
2020-03-01,Brazil,0,0,0,0,0
2020-03-02,Brazil,0,0,0,0,0
2020-03-03,Brazil,0,0,0,0,0
2020-03-04,Brazil,0,0,0,0,0
2020-03-05,Brazil,0,0,0,0,0
2020-03-06,Brazil,0,0,0,0,0
2020-03-07,Brazil,0,0,0,0,0
2020-03-08,Brazil,0,0,0,0,0
2020-03-09,Brazil,0,0,0,0,0
2020-03-10,Brazil,0,0,0,0,0
2020-03-11,Brazil,0,0,0,0,0
2020-03-12,Brazil,3,0,2,0,0
2020-03-13,Brazil,3,1,2,1,2
2020-03-14,Brazil,3,1,2,1,2
2020-03-15,Brazil,3,1,2,1,2
2020-03-16,Brazil,3,1,2,1,2
2020-03-17,Brazil,3,3,2,1,2
2020-03-18,Brazil,3,3,2,1,2
2020-03-19,Brazil,3,3,2,1,3
2020-03-20,Brazil,3,3,2,1,3
2020-03-21,Brazil,3,3,2,1,3
2020-03-22,Brazil,3,3,2,1,3
2020-03-23,Brazil,3,3,2,1,3
2020-03-24,Brazil,3,3,2,1,3
2020-03-25,Brazil,3,3,2,1,3
2020-03-26,Brazil,3,3,2,1,3
2020-03-27,Brazil,3,3,2,1,4
2020-03-28,Brazil,3,3,2,1,4
2020-03-29,Brazil,3,3,2,1,4
2020-03-30,Brazil,3,3,2,1,4
2020-03-31,Brazil,3,3,2,1,4
2020-04-01,Brazil,3,3,2,1,4
2020-04-02,Brazil,3,3,2,1,4
2020-04-03,Brazil,3,3,2,1,4
2020-04-04,Brazil,3,3,2,1,4
2020-04-05,Brazil,3,3,2,1,4
2020-04-06,Brazil,3,3,2,1,4
2020-04-07,Brazil,3,3,2,1,4
2020-04-08,Brazil,3,3,2,1,4
2020-04-09,Brazil,3,3,2,1,4
2020-04-10,Brazil,3,3,2,1,4
2020-04-11,Brazil,3,3,2,1,4
2020-04-12,Brazil,3,3,2,1,4
2020-04-13,Brazil,3,3,2,1,4
2020-04-14,Brazil,3,3,2,1,4
2020-04-15,Brazil,3,3,2,1,4
2020-04-16,Brazil,3,3,2,1,4
2020-04-17,Brazil,3,3,2,1,4
2020-04-18,Brazil,3,3,2,1,4
2020-04-19,Brazil,3,3,2,1,4
2020-04-20,Brazil,3,3,2,1,4
2020-04-21,Brazil,3,3,2,1,4
2020-04-22,Brazil,3,3,2,1,4
2020-04-23,Brazil,3,3,2,1,4
2020-04-24,Brazil,3,3,2,1,4
2020-04-25,Brazil,3,3,2,1,4
2020-04-26,Brazil,3,3,2,1,4
2020-04-27,Brazil,3,3,2,1,4
2020-04-28,Brazil,3,3,2,1,4
2020-04-29,Brazil,3,3,2,1,4
2020-04-30,Brazil,3,3,2,1,4
2020-05-01,Brazil,3,3,2,1,4
2020-05-02,Brazil,3,3,2,1,4
2020-05-03,Brazil,3,3,2,1,4
2020-05-04,Brazil,3,3,2,1,4
2020-05-05,Brazil,3,3,2,2,4
2020-05-06,Brazil,3,3,2,2,4
2020-05-07,Brazil,3,3,2,2,4
2020-05-08,Brazil,3,3,2,2,4
2020-05-09,Brazil,3,3,2,2,4
2020-05-10,Brazil,3,3,2,2,4
2020-05-11,Brazil,3,3,2,2,4
2020-05-12,Brazil,3,3,2,2,4
2020-05-13,Brazil,3,3,2,2,4
2020-05-14,Brazil,3,3,2,2,4
2020-05-15,Brazil,3,3,2,2,4
2020-05-16,Brazil,3,3,2,2,4
2020-05-17,Brazil,3,3,2,2,4
2020-05-18,Brazil,3,3,2,2,4
2020-05-19,Brazil,3,3,2,2,4
2020-05-20,Brazil,3,3,2,2,4
2020-05-21,Brazil,3,3,2,2,4
2020-05-22,Brazil,3,3,2,2,4
2020-05-23,Brazil,3,3,2,2,4
2020-05-24,Brazil,3,3,2,2,4
2020-05-25,Brazil,3,3,2,2,4
2020-05-26,Brazil,3,3,2,2,4
2020-05-27,Brazil,3,3,2,2,4
2020-05-28,Brazil,3,3,2,2,4
2020-05-29,Brazil,3,3,2,2,4
2020-05-30,Brazil,3,3,2,2,4
2020-05-31,Brazil,3,3,2,2,4
2020-06-01,Brazil,3,2,2,2,4
2020-06-02,Brazil,3,2,2,2,4
2020-06-03,Brazil,3,2,2,2,4
2020-06-04,Brazil,3,2,2,2,4
2020-06-05,Brazil,3,2,2,2,4
2020-06-06,Brazil,3,2,2,2,4
2020-06-07,Brazil,3,2,2,2,4
2020-06-08,Brazil,3,2,2,2,4
2020-06-09,Brazil,3,2,2,2,4
2020-06-10,Brazil,3,2,2,2,4
2020-06-11,Brazil,3,2,2,2,4
2020-06-12,Brazil,3,2,2,2,4
2020-06-13,Brazil,3,2,2,2,4
2020-06-14,Brazil,3,2,2,2,4
2020-06-15,Brazil,3,2,2,2,4
2020-06-16,Brazil,3,2,2,2,4
2020-06-17,Brazil,3,2,2,2,4
2020-06-18,Brazil,3,2,2,2,4
2020-06-19,Brazil,3,2,2,2,4
2020-06-20,Brazil,3,2,2,2,4
2020-06-21,Brazil,3,2,2,2,4
2020-06-22,Brazil,3,2,2,2,4
2020-06-23,Brazil,3,2,2,2,4
2020-06-24,Brazil,3,2,2,2,4
2020-06-25,Brazil,3,2,2,2,4
2020-06-26,Brazil,3,2,2,2,4
2020-06-27,Brazil,3,2,2,2,4
2020-06-28,Brazil,3,2,2,2,4
2020-06-29,Brazil,3,2,2,2,4
2020-06-30,Brazil,3,2,2,2,4
2020-07-01,Brazil,3,2,2,2,4
2020-07-02,Brazil,3,2,2,2,4
2020-07-03,Brazil,3,3,2,2,4
2020-07-04,Brazil,3,3,2,2,4
2020-07-05,Brazil,3,3,2,2,4
2020-07-06,Brazil,3,3,2,2,4
2020-07-07,Brazil,3,3,2,2,4
2020-07-08,Brazil,3,3,2,2,4
2020-07-09,Brazil,3,3,2,2,4
2020-07-10,Brazil,3,3,2,2,4
2020-07-11,Brazil,3,3,2,2,4
2020-07-12,Brazil,3,3,2,2,4
2020-07-13,Brazil,3,3,2,2,4
2020-07-14,Brazil,3,3,2,2,4
2020-07-15,Brazil,3,3,2,2,4
2020-07-16,Brazil,3,3,2,2,4
2020-07-17,Brazil,3,3,2,2,4
2020-07-18,Brazil,3,3,2,2,4
2020-07-19,Brazil,3,3,2,2,4
2020-07-20,Brazil,3,3,2,2,4
2020-07-21,Brazil,3,3,2,2,4
2020-07-22,Brazil,3,3,2,2,4
2020-07-23,Brazil,3,3,2,2,4
2020-07-24,Brazil,3,3,2,2,4
2020-07-25,Brazil,3,3,2,2,4
2020-07-26,Brazil,3,3,2,2,4
2020-07-27,Brazil,3,3,2,2,4
2020-07-28,Brazil,3,3,2,2,4
2020-07-29,Brazil,3,3,2,2,1
2020-07-30,Brazil,3,3,2,2,1
2020-07-31,Brazil,3,3,2,2,1
2020-08-01,Brazil,3,3,2,2,1
2020-08-02,Brazil,3,3,2,2,1
2020-08-03,Brazil,3,3,2,2,1
2020-08-04,Brazil,3,3,2,2,1
2020-08-05,Brazil,3,3,2,2,1
2020-08-06,Brazil,3,3,2,2,1
2020-08-07,Brazil,3,3,2,2,1
2020-08-08,Brazil,3,3,2,2,1
2020-08-09,Brazil,3,3,2,2,1
2020-08-10,Brazil,3,3,2,2,1
2020-08-11,Brazil,3,3,2,2,1
2020-08-12,Brazil,3,3,2,2,1
2020-08-13,Brazil,3,3,2,2,1
2020-08-14,Brazil,3,3,2,2,1
2020-08-15,Brazil,3,3,2,2,1
2020-08-16,Brazil,3,3,2,2,1
2020-08-17,Brazil,3,3,2,2,1
2020-08-18,Brazil,3,3,2,2,1
2020-08-19,Brazil,3,3,2,2,1
2020-08-20,Brazil,3,3,2,2,1
2020-08-21,Brazil,3,3,2,2,1
2020-08-22,Brazil,3,3,2,2,1
2020-08-23,Brazil,3,3,2,2,1
2020-08-24,Brazil,3,3,2,3,1
2020-08-25,Brazil,3,3,2,3,1
2020-08-26,Brazil,3,3,2,3,1
2020-08-27,Brazil,3,3,2,3,1
2020-08-28,Brazil,3,3,2,3,1
2020-08-29,Brazil,3,3,2,3,1
2020-08-30,Brazil,3,3,2,3,1
2020-08-31,Brazil,3,3,2,2,1
2020-01-01,India,0,0,0,0,0
2020-01-02,India,0,0,0,0,0
2020-01-03,India,0,0,0,0,0
2020-01-04,India,0,0,0,0,0
2020-01-05,India,0,0,0,0,0
2020-01-06,India,0,0,0,0,0
2020-01-07,India,0,0,0,0,0
2020-01-08,India,0,0,0,0,0
2020-01-09,India,0,0,0,0,0
2020-01-10,India,0,0,0,0,0
2020-01-11,India,0,0,0,0,0
2020-01-12,India,0,0,0,0,0
2020-01-13,India,0,0,0,0,0
2020-01-14,India,0,0,0,0,0
2020-01-15,India,0,0,0,0,0
2020-01-16,India,0,0,0,0,0
2020-01-17,India,0,0,0,0,0
2020-01-18,India,0,0,0,0,0
2020-01-19,India,0,0,0,0,0
2020-01-20,India,0,0,0,0,0
2020-01-21,India,0,0,0,0,0
2020-01-22,India,0,0,0,0,0
2020-01-23,India,0,0,0,0,0
2020-01-24,India,0,0,0,0,0
2020-01-25,India,0,0,0,0,0
2020-01-26,India,0,0,0,1,1
2020-01-27,India,0,0,0,1,1
2020-01-28,India,0,0,0,1,1
2020-01-29,India,0,0,0,1,1
2020-01-30,India,0,0,0,1,1
2020-01-31,India,0,0,0,1,1
2020-02-01,India,0,0,0,1,1
2020-02-02,India,0,0,0,1,1
2020-02-03,India,0,0,0,1,1
2020-02-04,India,0,0,0,1,1
2020-02-05,India,0,0,0,1,1
2020-02-06,India,0,0,0,1,1
2020-02-07,India,0,0,0,1,1
2020-02-08,India,0,0,0,1,1
2020-02-09,India,0,0,0,1,1
2020-02-10,India,0,0,0,1,1
2020-02-11,India,0,0,0,1,1
2020-02-12,India,0,0,0,1,1
2020-02-13,India,0,0,0,1,1
2020-02-14,India,0,0,0,1,1
2020-02-15,India,0,0,0,1,1
2020-02-16,India,0,0,0,1,1
2020-02-17,India,0,0,0,1,1
2020-02-18,India,0,0,0,1,1
2020-02-19,India,0,0,0,1,1
2020-02-20,India,0,0,0,1,1
2020-02-21,India,0,0,0,1,1
2020-02-22,India,0,0,0,1,1
2020-02-23,India,0,0,0,1,1
2020-02-24,India,0,0,0,1,1
2020-02-25,India,0,0,0,1,1
2020-02-26,India,0,0,0,1,1
2020-02-27,India,0,0,0,1,1
2020-02-28,India,0,0,0,1,1
2020-02-29,India,0,0,0,1,1
2020-03-01,India,0,0,0,1,1
2020-03-02,India,0,0,0,1,1
2020-03-03,India,0,0,0,1,1
2020-03-04,India,2,0,0,1,1
2020-03-05,India,2,0,1,1,1
2020-03-06,India,2,0,1,1,1
2020-03-07,India,2,0,1,1,1
2020-03-08,India,2,0,1,1,1
2020-03-09,India,2,0,1,1,1
2020-03-10,India,2,0,1,1,1
2020-03-11,India,2,0,1,1,1
2020-03-12,India,2,0,1,1,1
2020-03-13,India,3,0,1,1,2
2020-03-14,India,3,0,2,1,2
2020-03-15,India,3,0,2,1,3
2020-03-16,India,3,1,2,1,3
2020-03-17,India,3,1,2,1,3
2020-03-18,India,3,1,2,1,3
2020-03-19,India,3,1,2,1,3
2020-03-20,India,3,1,2,1,3
2020-03-21,India,3,3,2,1,3
2020-03-22,India,3,3,2,3,4
2020-03-23,India,3,3,2,3,4
2020-03-24,India,3,3,2,3,4
2020-03-25,India,3,3,2,3,4
2020-03-26,India,3,3,2,3,4
2020-03-27,India,3,3,2,3,4
2020-03-28,India,3,3,2,3,4
2020-03-29,India,3,3,2,3,4
2020-03-30,India,3,3,2,3,4
2020-03-31,India,3,3,2,3,4
2020-04-01,India,3,3,2,3,4
2020-04-02,India,3,3,2,3,4
2020-04-03,India,3,3,2,3,4
2020-04-04,India,3,3,2,3,4
2020-04-05,India,3,3,2,3,4
2020-04-06,India,3,3,2,3,4
2020-04-07,India,3,3,2,3,4
2020-04-08,India,3,3,2,3,4
2020-04-09,India,3,3,2,3,4
2020-04-10,India,3,3,2,3,4
2020-04-11,India,3,3,2,3,4
2020-04-12,India,3,3,2,3,4
2020-04-13,India,3,3,2,3,4
2020-04-14,India,3,3,2,3,4
2020-04-15,India,3,3,2,3,4
2020-04-16,India,3,3,2,3,4
2020-04-17,India,3,3,2,3,4
2020-04-18,India,3,3,2,3,4
2020-04-19,India,3,3,2,3,4
2020-04-20,India,3,2,2,3,4
2020-04-21,India,3,2,2,3,4
2020-04-22,India,3,2,2,3,4
2020-04-23,India,3,2,2,3,4
2020-04-24,India,3,2,2,3,4
2020-04-25,India,3,2,2,3,4
2020-04-26,India,3,2,2,3,4
2020-04-27,India,3,2,2,3,4
2020-04-28,India,3,2,2,3,4
2020-04-29,India,3,2,2,3,4
2020-04-30,India,3,2,2,3,4
2020-05-01,India,3,2,2,3,4
2020-05-02,India,3,2,2,3,4
2020-05-03,India,3,2,2,3,4
2020-05-04,India,3,2,2,2,4
2020-05-05,India,3,2,2,2,4
2020-05-06,India,3,2,2,2,4
2020-05-07,India,3,2,2,2,4
2020-05-08,India,3,2,2,2,4
2020-05-09,India,3,2,2,2,4
2020-05-10,India,3,2,2,2,4
2020-05-11,India,3,2,2,2,4
2020-05-12,India,3,2,2,2,4
2020-05-13,India,3,2,2,2,4
2020-05-14,India,3,2,2,2,4
2020-05-15,India,3,2,2,2,4
2020-05-16,India,3,2,2,2,4
2020-05-17,India,3,2,2,2,4
2020-05-18,India,3,2,2,2,3
2020-05-19,India,3,2,2,2,3
2020-05-20,India,3,2,2,2,3
2020-05-21,India,3,2,2,2,3
2020-05-22,India,3,2,2,2,3
2020-05-23,India,3,2,2,2,3
2020-05-24,India,3,2,2,2,3
2020-05-25,India,3,2,2,2,3
2020-05-26,India,3,2,2,2,3
2020-05-27,India,3,2,2,2,3
2020-05-28,India,3,2,2,2,3
2020-05-29,India,3,2,2,2,3
2020-05-30,India,3,2,2,2,3
2020-05-31,India,3,2,2,2,3
2020-06-01,India,3,1,2,2,3
2020-06-02,India,3,1,2,2,3
2020-06-03,India,3,1,2,2,3
2020-06-04,India,3,1,2,2,3
2020-06-05,India,3,1,2,2,3
2020-06-06,India,3,1,2,2,3
2020-06-07,India,3,1,2,2,3
2020-06-08,India,3,1,2,2,3
2020-06-09,India,3,1,2,2,3
2020-06-10,India,3,1,2,2,3
2020-06-11,India,3,1,2,2,3
2020-06-12,India,3,1,2,2,3
2020-06-13,India,3,1,2,2,3
2020-06-14,India,3,1,2,2,3
2020-06-15,India,3,1,2,2,3
2020-06-16,India,3,1,2,2,3
2020-06-17,India,3,1,2,2,3
2020-06-18,India,3,2,2,2,3
2020-06-19,India,3,2,2,2,3
2020-06-20,India,3,2,2,2,3
2020-06-21,India,3,2,2,2,3
2020-06-22,India,3,2,2,2,3
2020-06-23,India,3,2,2,2,3
2020-06-24,India,3,2,2,2,3
2020-06-25,India,3,2,2,2,3
2020-06-26,India,3,2,2,2,3
2020-06-27,India,3,2,2,2,3
2020-06-28,India,3,2,2,2,3
2020-06-29,India,3,2,2,2,3
2020-06-30,India,3,2,2,2,3
2020-07-01,India,3,1,2,2,4
2020-07-02,India,3,1,2,2,4
2020-07-03,India,3,1,2,2,4
2020-07-04,India,3,1,2,2,4
2020-07-05,India,3,1,2,2,4
2020-07-06,India,3,1,2,2,4
2020-07-07,India,3,1,2,2,4
2020-07-08,India,3,1,2,2,4
2020-07-09,India,3,1,2,2,4
2020-07-10,India,3,2,2,2,4
2020-07-11,India,3,2,2,2,4
2020-07-12,India,3,2,2,2,4
2020-07-13,India,3,2,2,2,4
2020-07-14,India,3,2,2,2,4
2020-07-15,India,3,2,2,2,4
2020-07-16,India,3,2,2,2,4
2020-07-17,India,3,2,2,2,4
2020-07-18,India,3,2,2,2,4
2020-07-19,India,3,2,2,2,4
2020-07-20,India,3,2,2,2,4
2020-07-21,India,3,2,2,2,4
2020-07-22,India,3,2,2,2,4
2020-07-23,India,3,2,2,2,4
2020-07-24,India,3,2,2,2,4
2020-07-25,India,3,2,2,2,4
2020-07-26,India,3,2,2,2,4
2020-07-27,India,3,2,2,2,4
2020-07-28,India,3,2,2,2,4
2020-07-29,India,3,2,2,2,4
2020-07-30,India,3,2,2,2,4
2020-07-31,India,3,2,2,2,4
2020-08-01,India,3,2,2,2,4
2020-08-02,India,3,2,2,2,4
2020-08-03,India,3,2,2,2,4
2020-08-04,India,3,2,2,2,4
2020-08-05,India,3,2,2,2,4
2020-08-06,India,3,2,2,2,4
2020-08-07,India,3,2,2,2,4
2020-08-08,India,3,2,2,2,4
2020-08-09,India,3,2,2,2,4
2020-08-10,India,3,2,2,2,4
2020-08-11,India,3,2,2,2,4
2020-08-12,India,3,2,2,2,4
2020-08-13,India,3,2,2,2,4
2020-08-14,India,3,2,2,2,4
2020-08-15,India,3,2,2,2,4
2020-08-16,India,3,2,2,2,4
2020-08-17,India,3,2,2,2,4
2020-08-18,India,3,2,2,2,4
2020-08-19,India,3,2,2,2,4
2020-08-20,India,3,2,2,2,4
2020-08-21,India,3,2,2,2,4
2020-08-22,India,3,2,2,2,4
2020-08-23,India,3,2,2,2,4
2020-08-24,India,3,2,2,2,4
2020-08-25,India,3,2,2,2,4
2020-08-26,India,3,2,2,2,4
2020-08-27,India,3,2,2,2,4
2020-08-28,India,3,2,2,2,4
2020-08-29,India,3,2,2,2,4
2020-08-30,India,3,2,2,2,4
2020-08-31,India,3,2,2,2,4
2020-01-01,Spain,0,0,0,0,0
2020-01-02,Spain,0,0,0,0,0
2020-01-03,Spain,0,0,0,0,0
2020-01-04,Spain,0,0,0,0,0
2020-01-05,Spain,0,0,0,0,0
2020-01-06,Spain,0,0,0,0,0
2020-01-07,Spain,0,0,0,0,0
2020-01-08,Spain,0,0,0,0,0
2020-01-09,Spain,0,0,0,0,0
2020-01-10,Spain,0,0,0,0,0
2020-01-11,Spain,0,0,0,0,0
2020-01-12,Spain,0,0,0,0,0
2020-01-13,Spain,0,0,0,0,0
2020-01-14,Spain,0,0,0,0,0
2020-01-15,Spain,0,0,0,0,0
2020-01-16,Spain,0,0,0,0,0
2020-01-17,Spain,0,0,0,0,0
2020-01-18,Spain,0,0,0,0,0
2020-01-19,Spain,0,0,0,0,0
2020-01-20,Spain,0,0,0,0,0
2020-01-21,Spain,0,0,0,0,0
2020-01-22,Spain,0,0,0,0,0
2020-01-23,Spain,0,0,0,0,0
2020-01-24,Spain,0,0,0,0,0
2020-01-25,Spain,0,0,0,0,0
2020-01-26,Spain,0,0,0,0,0
2020-01-27,Spain,0,0,0,0,0
2020-01-28,Spain,0,0,0,0,0
2020-01-29,Spain,0,0,0,0,0
2020-01-30,Spain,0,0,0,0,0
2020-01-31,Spain,0,0,0,0,0
2020-02-01,Spain,0,0,0,0,0
2020-02-02,Spain,0,0,0,0,0
2020-02-03,Spain,0,0,0,0,0
2020-02-04,Spain,0,0,0,0,0
2020-02-05,Spain,0,0,0,0,0
2020-02-06,Spain,0,0,0,0,0
2020-02-07,Spain,0,0,0,0,0
2020-02-08,Spain,0,0,0,0,0
2020-02-09,Spain,0,0,0,0,0
2020-02-10,Spain,0,0,0,0,0
2020-02-11,Spain,0,0,0,0,0
2020-02-12,Spain,0,0,0,0,0
2020-02-13,Spain,0,0,0,0,0
2020-02-14,Spain,0,0,0,0,0
2020-02-15,Spain,0,0,0,0,0
2020-02-16,Spain,0,0,0,0,0
2020-02-17,Spain,0,0,0,0,0
2020-02-18,Spain,0,0,0,0,0
2020-02-19,Spain,0,0,0,0,0
2020-02-20,Spain,0,0,0,0,0
2020-02-21,Spain,0,0,0,0,0
2020-02-22,Spain,0,0,0,0,0
2020-02-23,Spain,0,0,0,0,0
2020-02-24,Spain,0,0,0,0,0
2020-02-25,Spain,0,0,0,0,0
2020-02-26,Spain,0,0,0,0,0
2020-02-27,Spain,0,0,0,0,0
2020-02-28,Spain,0,0,0,0,0
2020-02-29,Spain,0,0,0,0,0
2020-03-01,Spain,0,0,0,0,0
2020-03-02,Spain,0,0,0,0,0
2020-03-03,Spain,0,0,0,0,0
2020-03-04,Spain,0,0,0,0,0
2020-03-05,Spain,0,0,0,0,0
2020-03-06,Spain,0,0,0,0,0
2020-03-07,Spain,0,0,0,0,0
2020-03-08,Spain,0,0,0,0,0
2020-03-09,Spain,3,1,0,0,0
2020-03-10,Spain,3,1,2,0,3
2020-03-11,Spain,3,1,2,0,3
2020-03-12,Spain,3,1,2,0,3
2020-03-13,Spain,3,1,2,0,3
2020-03-14,Spain,3,2,2,2,3
2020-03-15,Spain,3,2,2,2,3
2020-03-16,Spain,3,2,2,2,3
2020-03-17,Spain,3,2,2,2,4
2020-03-18,Spain,3,2,2,2,4
2020-03-19,Spain,3,2,2,2,4
2020-03-20,Spain,3,2,2,2,4
2020-03-21,Spain,3,2,2,2,4
2020-03-22,Spain,3,2,2,2,4
2020-03-23,Spain,3,2,2,2,4
2020-03-24,Spain,3,2,2,2,4
2020-03-25,Spain,3,2,2,2,4
2020-03-26,Spain,3,2,2,2,4
2020-03-27,Spain,3,2,2,2,4
2020-03-28,Spain,3,2,2,2,4
2020-03-29,Spain,3,2,2,2,4
2020-03-30,Spain,3,3,2,2,4
2020-03-31,Spain,3,3,2,2,4
2020-04-01,Spain,3,3,2,2,4
2020-04-02,Spain,3,3,2,2,4
2020-04-03,Spain,3,3,2,2,4
2020-04-04,Spain,3,3,2,2,4
2020-04-05,Spain,3,3,2,2,4
2020-04-06,Spain,3,3,2,2,4
2020-04-07,Spain,3,3,2,2,4
2020-04-08,Spain,3,3,2,2,4
2020-04-09,Spain,3,3,2,2,4
2020-04-10,Spain,3,3,2,2,4
2020-04-11,Spain,3,3,2,2,4
2020-04-12,Spain,3,3,2,2,4
2020-04-13,Spain,3,3,2,2,4
2020-04-14,Spain,3,3,2,2,4
2020-04-15,Spain,3,3,2,2,4
2020-04-16,Spain,3,3,2,2,4
2020-04-17,Spain,3,3,2,2,4
2020-04-18,Spain,3,3,2,2,4
2020-04-19,Spain,3,3,2,2,4
2020-04-20,Spain,3,3,2,2,4
2020-04-21,Spain,3,3,2,2,4
2020-04-22,Spain,3,3,2,2,4
2020-04-23,Spain,3,3,2,2,4
2020-04-24,Spain,3,3,2,2,4
2020-04-25,Spain,3,3,2,2,4
2020-04-26,Spain,3,3,2,2,4
2020-04-27,Spain,3,3,2,2,4
2020-04-28,Spain,3,3,2,2,4
2020-04-29,Spain,3,3,2,2,4
2020-04-30,Spain,3,3,2,2,4
2020-05-01,Spain,3,3,2,2,4
2020-05-02,Spain,3,3,2,2,4
2020-05-03,Spain,3,3,2,2,4
2020-05-04,Spain,3,3,2,2,4
2020-05-05,Spain,3,3,2,2,4
2020-05-06,Spain,3,3,2,2,4
2020-05-07,Spain,3,3,2,2,4
2020-05-08,Spain,3,3,2,2,4
2020-05-09,Spain,3,3,2,2,4
2020-05-10,Spain,3,3,2,2,4
2020-05-11,Spain,3,3,2,2,4
2020-05-12,Spain,3,3,2,2,4
2020-05-13,Spain,3,3,2,2,4
2020-05-14,Spain,3,3,2,2,4
2020-05-15,Spain,3,3,2,2,4
2020-05-16,Spain,3,3,2,2,4
2020-05-17,Spain,3,3,2,2,4
2020-05-18,Spain,3,3,2,2,4
2020-05-19,Spain,3,3,2,2,4
2020-05-20,Spain,3,3,2,2,4
2020-05-21,Spain,3,3,2,2,4
2020-05-22,Spain,3,2,2,2,4
2020-05-23,Spain,3,2,2,2,4
2020-05-24,Spain,3,2,2,2,4
2020-05-25,Spain,3,2,2,2,4
2020-05-26,Spain,2,2,2,2,4
2020-05-27,Spain,2,2,2,1,4
2020-05-28,Spain,2,2,2,1,4
2020-05-29,Spain,2,2,2,1,4
2020-05-30,Spain,2,2,2,1,4
2020-05-31,Spain,2,2,2,1,4
2020-06-01,Spain,2,2,2,1,4
2020-06-02,Spain,2,2,2,1,4
2020-06-03,Spain,2,2,2,1,4
2020-06-04,Spain,2,2,2,1,4
2020-06-05,Spain,2,2,2,1,4
2020-06-06,Spain,2,2,2,1,4
2020-06-07,Spain,2,2,2,1,4
2020-06-08,Spain,2,1,2,1,4
2020-06-09,Spain,2,1,2,1,4
2020-06-10,Spain,2,1,2,1,4
2020-06-11,Spain,2,1,2,1,4
2020-06-12,Spain,2,1,2,1,4
2020-06-13,Spain,2,1,2,1,4
2020-06-14,Spain,2,1,2,1,4
2020-06-15,Spain,2,1,2,1,4
2020-06-16,Spain,2,1,2,1,4
2020-06-17,Spain,2,1,2,1,4
2020-06-18,Spain,2,1,2,1,4
2020-06-19,Spain,2,1,2,1,4
2020-06-20,Spain,2,1,2,1,4
2020-06-21,Spain,2,0,2,0,3
2020-06-22,Spain,2,0,2,0,3
2020-06-23,Spain,2,0,2,0,3
2020-06-24,Spain,2,0,2,0,3
2020-06-25,Spain,2,0,2,0,3
2020-06-26,Spain,2,0,2,0,3
2020-06-27,Spain,2,0,2,0,3
2020-06-28,Spain,2,0,2,0,3
2020-06-29,Spain,2,0,2,0,3
2020-06-30,Spain,2,0,2,0,3
2020-07-01,Spain,2,0,2,0,3
2020-07-02,Spain,2,0,2,0,3
2020-07-03,Spain,2,0,2,0,3
2020-07-04,Spain,2,0,2,1,3
2020-07-05,Spain,2,0,2,1,3
2020-07-06,Spain,2,0,2,1,3
2020-07-07,Spain,2,0,2,1,3
2020-07-08,Spain,2,0,2,1,3
2020-07-09,Spain,2,0,2,1,3
2020-07-10,Spain,2,0,2,1,3
2020-07-11,Spain,2,0,2,1,3
2020-07-12,Spain,2,0,2,1,3
2020-07-13,Spain,2,0,2,1,3
2020-07-14,Spain,2,0,2,1,3
2020-07-15,Spain,2,2,2,2,3
2020-07-16,Spain,2,2,2,2,3
2020-07-17,Spain,2,2,2,2,3
2020-07-18,Spain,2,2,2,2,3
2020-07-19,Spain,2,2,2,2,3
2020-07-20,Spain,2,2,2,2,3
2020-07-21,Spain,2,2,2,2,3
2020-07-22,Spain,2,2,2,2,3
2020-07-23,Spain,2,2,2,2,3
2020-07-24,Spain,2,2,2,2,3
2020-07-25,Spain,2,2,2,2,3
2020-07-26,Spain,2,2,2,2,3
2020-07-27,Spain,2,2,2,2,3
2020-07-28,Spain,2,2,2,2,3
2020-07-29,Spain,2,2,2,2,3
2020-07-30,Spain,2,2,2,2,3
2020-07-31,Spain,2,2,2,2,3
2020-08-01,Spain,2,2,2,2,3
2020-08-02,Spain,2,2,2,2,3
2020-08-03,Spain,2,2,2,2,3
2020-08-04,Spain,2,2,2,2,3
2020-08-05,Spain,2,2,2,2,3
2020-08-06,Spain,2,2,2,2,3
2020-08-07,Spain,2,2,2,2,3
2020-08-08,Spain,2,2,2,2,3
2020-08-09,Spain,2,2,2,2,3
2020-08-10,Spain,2,2,2,1,3
2020-08-11,Spain,2,2,2,1,3
2020-08-12,Spain,2,2,2,1,3
2020-08-13,Spain,2,2,2,1,3
2020-08-14,Spain,2,2,2,1,3
2020-08-15,Spain,2,2,2,1,3
2020-08-16,Spain,2,2,2,1,3
2020-08-17,Spain,2,2,2,1,3
2020-08-18,Spain,2,2,2,1,3
2020-08-19,Spain,2,2,2,1,3
2020-08-20,Spain,2,2,2,1,3
2020-08-21,Spain,2,2,2,1,3
2020-08-22,Spain,2,2,2,1,3
2020-08-23,Spain,2,2,2,1,3
2020-08-24,Spain,2,2,2,1,3
2020-08-25,Spain,2,2,2,1,3
2020-08-26,Spain,2,2,2,1,3
2020-08-27,Spain,2,2,2,1,3
2020-08-28,Spain,2,2,2,1,3
2020-08-29,Spain,2,2,2,1,3
2020-08-30,Spain,2,2,2,1,3
2020-08-31,Spain,2,2,2,1,3
2020-01-01,United States of America,0,0,0,0,0
2020-01-02,United States of America,0,0,0,0,0
2020-01-03,United States of America,0,0,0,0,0
2020-01-04,United States of America,0,0,0,0,0
2020-01-05,United States of America,0,0,0,0,0
2020-01-06,United States of America,0,0,0,0,0
2020-01-07,United States of America,0,0,0,0,0
2020-01-08,United States of America,0,0,0,0,0
2020-01-09,United States of America,0,0,0,0,0
2020-01-10,United States of America,0,0,0,0,0
2020-01-11,United States of America,0,0,0,0,0
2020-01-12,United States of America,0,0,0,0,0
2020-01-13,United States of America,0,0,0,0,0
2020-01-14,United States of America,0,0,0,0,0
2020-01-15,United States of America,0,0,0,0,0
2020-01-16,United States of America,0,0,0,0,0
2020-01-17,United States of America,0,0,0,0,0
2020-01-18,United States of America,0,0,0,0,0
2020-01-19,United States of America,0,0,0,0,0
2020-01-20,United States of America,0,0,0,0,0
2020-01-21,United States of America,0,0,0,0,0
2020-01-22,United States of America,0,0,0,0,0
2020-01-23,United States of America,0,0,0,0,0
2020-01-24,United States of America,0,0,0,0,0
2020-01-25,United States of America,0,0,0,0,0
2020-01-26,United States of America,0,0,0,0,0
2020-01-27,United States of America,0,0,0,0,0
2020-01-28,United States of America,0,0,0,0,0
2020-01-29,United States of America,0,0,0,0,0
2020-01-30,United States of America,0,0,0,0,0
2020-01-31,United States of America,0,0,0,0,0
2020-02-01,United States of America,0,0,0,0,0
2020-02-02,United States of America,0,0,0,0,2
2020-02-03,United States of America,0,0,0,0,2
2020-02-04,United States of America,0,0,0,0,2
2020-02-05,United States of America,0,0,0,0,2
2020-02-06,United States of America,0,0,0,0,2
2020-02-07,United States of America,0,0,0,0,2
2020-02-08,United States of America,0,0,0,0,2
2020-02-09,United States of America,0,0,0,0,2
2020-02-10,United States of America,0,0,0,0,2
2020-02-11,United States of America,0,0,0,0,2
2020-02-12,United States of America,0,0,0,0,2
2020-02-13,United States of America,0,0,0,0,2
2020-02-14,United States of America,0,0,0,0,2
2020-02-15,United States of America,0,0,0,0,2
2020-02-16,United States of America,0,0,0,0,2
2020-02-17,United States of America,0,0,0,0,2
2020-02-18,United States of America,0,0,0,0,2
2020-02-19,United States of America,0,0,0,0,2
2020-02-20,United States of America,0,0,0,0,2
2020-02-21,United States of America,0,0,0,0,2
2020-02-22,United States of America,0,0,0,0,2
2020-02-23,United States of America,0,0,0,0,2
2020-02-24,United States of America,0,0,0,0,2
2020-02-25,United States of America,0,0,0,0,2
2020-02-26,United States of America,0,0,0,0,2
2020-02-27,United States of America,0,0,0,0,2
2020-02-28,United States of America,0,0,0,0,2
2020-02-29,United States of America,0,0,0,0,2
2020-03-01,United States of America,0,0,1,0,2
2020-03-02,United States of America,0,0,1,0,3
2020-03-03,United States of America,0,0,1,0,3
2020-03-04,United States of America,0,0,1,0,3
2020-03-05,United States of America,3,0,1,0,3
2020-03-06,United States of America,3,0,1,0,3
2020-03-07,United States of America,3,0,1,0,3
2020-03-08,United States of America,3,0,1,0,3
2020-03-09,United States of America,3,0,1,0,3
2020-03-10,United States of America,3,0,1,0,3
2020-03-11,United States of America,3,0,1,0,3
2020-03-12,United States of America,3,0,2,0,3
2020-03-13,United States of America,3,0,2,0,3
2020-03-14,United States of America,3,0,2,0,3
2020-03-15,United States of America,3,0,2,2,3
2020-03-16,United States of America,3,0,2,2,3
2020-03-17,United States of America,3,0,2,2,3
2020-03-18,United States of America,3,0,2,2,3
2020-03-19,United States of America,3,3,2,2,3
2020-03-20,United States of America,3,3,2,2,3
2020-03-21,United States of America,3,3,2,2,3
2020-03-22,United States of America,3,3,2,2,3
2020-03-23,United States of America,3,3,2,2,3
2020-03-24,United States of America,3,3,2,2,3
2020-03-25,United States of America,3,3,2,2,3
2020-03-26,United States of America,3,3,2,2,3
2020-03-27,United States of America,3,3,2,2,3
2020-03-28,United States of America,3,3,2,2,3
2020-03-29,United States of America,3,3,2,2,3
2020-03-30,United States of America,3,3,2,2,3
2020-03-31,United States of America,3,3,2,2,3
2020-04-01,United States of America,3,3,2,2,3
2020-04-02,United States of America,3,3,2,2,3
2020-04-03,United States of America,3,3,2,2,3
2020-04-04,United States of America,3,3,2,2,3
2020-04-05,United States of America,3,3,2,2,3
2020-04-06,United States of America,3,3,2,2,3
2020-04-07,United States of America,3,3,2,2,3
2020-04-08,United States of America,3,3,2,2,3
2020-04-09,United States of America,3,3,2,2,3
2020-04-10,United States of America,3,3,2,2,3
2020-04-11,United States of America,3,3,2,2,3
2020-04-12,United States of America,3,3,2,2,3
2020-04-13,United States of America,3,3,2,2,3
2020-04-14,United States of America,3,3,2,2,3
2020-04-15,United States of America,3,3,2,2,3
2020-04-16,United States of America,3,3,2,2,3
2020-04-17,United States of America,3,3,2,2,3
2020-04-18,United States of America,3,3,2,2,3
2020-04-19,United States of America,3,3,2,2,3
2020-04-20,United States of America,3,3,2,2,3
2020-04-21,United States of America,3,3,2,2,3
2020-04-22,United States of America,3,3,2,2,3
2020-04-23,United States of America,3,3,2,2,3
2020-04-24,United States of America,3,3,2,2,3
2020-04-25,United States of America,3,3,2,2,3
2020-04-26,United States of America,3,3,2,2,3
2020-04-27,United States of America,3,3,2,2,3
2020-04-28,United States of America,3,3,2,2,3
2020-04-29,United States of America,3,3,2,2,3
2020-04-30,United States of America,3,3,2,2,3
2020-05-01,United States of America,3,3,2,2,3
2020-05-02,United States of America,3,3,2,2,3
2020-05-03,United States of America,3,3,2,2,3
2020-05-04,United States of America,3,3,2,2,3
2020-05-05,United States of America,3,3,2,2,3
2020-05-06,United States of America,3,3,2,2,3
2020-05-07,United States of America,3,3,2,2,3
2020-05-08,United States of America,3,3,2,2,3
2020-05-09,United States of America,3,3,2,2,3
2020-05-10,United States of America,3,3,2,2,3
2020-05-11,United States of America,3,3,2,2,3
2020-05-12,United States of America,3,3,2,2,3
2020-05-13,United States of America,3,3,2,2,3
2020-05-14,United States of America,3,3,2,2,3
2020-05-15,United States of America,3,3,2,2,3
2020-05-16,United States of America,3,3,2,2,3
2020-05-17,United States of America,3,3,2,2,3
2020-05-18,United States of America,3,3,2,2,3
2020-05-19,United States of America,3,3,2,2,3
2020-05-20,United States of America,3,3,2,2,3
2020-05-21,United States of America,3,3,2,2,3
2020-05-22,United States of America,3,3,2,2,3
2020-05-23,United States of America,3,3,2,2,3
2020-05-24,United States of America,3,3,2,2,3
2020-05-25,United States of America,3,3,2,2,3
2020-05-26,United States of America,3,3,2,2,3
2020-05-27,United States of America,3,3,2,2,3
2020-05-28,United States of America,3,3,2,2,3
2020-05-29,United States of America,3,3,2,2,3
2020-05-30,United States of America,3,3,2,2,3
2020-05-31,United States of America,3,3,2,2,3
2020-06-01,United States of America,3,3,2,2,3
2020-06-02,United States of America,3,3,2,2,3
2020-06-03,United States of America,3,3,2,2,3
2020-06-04,United States of America,3,3,2,2,3
2020-06-05,United States of America,3,3,2,2,3
2020-06-06,United States of America,3,3,2,2,3
2020-06-07,United States of America,3,3,2,2,3
2020-06-08,United States of America,3,3,2,2,3
2020-06-09,United States of America,3,3,2,2,3
2020-06-10,United States of America,3,3,2,2,3
2020-06-11,United States of America,3,3,2,2,3
2020-06-12,United States of America,3,3,2,2,3
2020-06-13,United States of America,3,3,2,2,3
2020-06-14,United States of America,3,3,2,2,3
2020-06-15,United States of America,3,2,2,2,3
2020-06-16,United States of America,3,2,2,2,3
2020-06-17,United States of America,3,2,2,2,3
2020-06-18,United States of America,3,2,2,2,3
2020-06-19,United States of America,3,2,2,2,3
2020-06-20,United States of America,3,2,2,2,3
2020-06-21,United States of America,3,2,2,2,3
2020-06-22,United States of America,3,2,2,2,3
2020-06-23,United States of America,3,2,2,2,3
2020-06-24,United States of America,3,2,2,2,3
2020-06-25,United States of America,3,2,2,2,3
2020-06-26,United States of America,3,2,2,2,3
2020-06-27,United States of America,3,2,2,2,3
2020-06-28,United States of America,3,2,2,2,3
2020-06-29,United States of America,3,2,2,2,3
2020-06-30,United States of America,3,2,2,2,3
2020-07-01,United States of America,3,2,2,2,3
2020-07-02,United States of America,3,2,2,2,3
2020-07-03,United States of America,3,2,2,2,3
2020-07-04,United States of America,3,2,2,2,3
2020-07-05,United States of America,3,2,2,2,3
2020-07-06,United States of America,3,2,2,2,3
2020-07-07,United States of America,3,2,2,2,3
2020-07-08,United States of America,3,2,2,2,3
2020-07-09,United States of America,3,2,2,2,3
2020-07-10,United States of America,3,2,2,2,3
2020-07-11,United States of America,3,2,2,2,3
2020-07-12,United States of America,3,2,2,2,3
2020-07-13,United States of America,3,2,2,2,3
2020-07-14,United States of America,3,2,2,2,3
2020-07-15,United States of America,3,2,2,2,3
2020-07-16,United States of America,3,2,2,2,3
2020-07-17,United States of America,3,2,2,2,3
2020-07-18,United States of America,3,2,2,2,3
2020-07-19,United States of America,3,2,2,2,3
2020-07-20,United States of America,3,2,2,1,3
2020-07-21,United States of America,3,2,2,1,3
2020-07-22,United States of America,3,2,2,1,3
2020-07-23,United States of America,3,2,2,1,3
2020-07-24,United States of America,3,2,2,1,3
2020-07-25,United States of America,3,2,2,1,3
2020-07-26,United States of America,3,2,2,1,3
2020-07-27,United States of America,3,2,2,1,3
2020-07-28,United States of America,3,2,2,1,3
2020-07-29,United States of America,3,2,2,1,3
2020-07-30,United States of America,3,2,2,1,3
2020-07-31,United States of America,3,2,2,1,3
2020-08-01,United States of America,3,2,2,1,3
2020-08-02,United States of America,3,2,2,1,3
2020-08-03,United States of America,3,2,2,1,3
2020-08-04,United States of America,3,2,2,1,3
2020-08-05,United States of America,3,2,2,1,3
2020-08-06,United States of America,3,2,2,1,3
2020-08-07,United States of America,3,2,2,1,3
2020-08-08,United States of America,3,2,2,1,3
2020-08-09,United States of America,3,2,2,1,3
2020-08-10,United States of America,3,2,2,1,3
2020-08-11,United States of America,3,2,2,1,3
2020-08-12,United States of America,3,2,2,1,3
2020-08-13,United States of America,3,2,2,1,3
2020-08-14,United States of America,3,2,2,1,3
2020-08-15,United States of America,3,2,2,1,3
2020-08-16,United States of America,3,2,2,1,3
2020-08-17,United States of America,3,2,2,1,3
2020-08-18,United States of America,3,2,2,1,3
2020-08-19,United States of America,3,2,2,1,3
2020-08-20,United States of America,3,2,2,1,3
2020-08-21,United States of America,3,2,2,1,3
2020-08-22,United States of America,3,2,2,1,3
2020-08-23,United States of America,3,2,2,1,3
2020-08-24,United States of America,3,2,2,1,3
2020-08-25,United States of America,3,2,2,1,3
2020-08-26,United States of America,3,2,2,1,3
2020-08-27,United States of America,3,2,2,1,3
2020-08-28,United States of America,3,2,2,1,3
2020-08-29,United States of America,3,2,2,1,3
2020-08-30,United States of America,3,2,2,1,3
2020-08-31,United States of America,3,2,2,1,3